Time [min],Power [kW],Cumulative Energy [kWh],Normalized Load
0,0.0,-0.0,0.0
1,0.0,-0.0,0.0
2,0.0,-0.0,0.0
3,0.0,-0.0,0.0
4,0.0,-0.0,0.0
5,0.0,-0.0,0.0
6,0.0,-0.0,0.0
7,0.0,-0.0,0.0
8,0.0,-0.0,0.0
9,0.0,-0.0,0.0
10,0.0,-0.0,0.0
11,0.0,-0.0,0.0
12,0.0,-0.0,0.0
13,0.0,-0.0,0.0
14,0.0,-0.0,0.0
15,0.0,-0.0,0.0
16,0.0,-0.0,0.0
17,0.0,-0.0,0.0
18,0.0,-0.0,0.0
19,0.0,-0.0,0.0
20,0.0,-0.0,0.0
21,0.0,-0.0,0.0
22,0.0,-0.0,0.0
23,0.0,-0.0,0.0
24,0.0,-0.0,0.0
25,0.0,-0.0,0.0
26,0.0,-0.0,0.0
27,0.0,-0.0,0.0
28,0.0,-0.0,0.0
29,0.0,-0.0,0.0
30,0.0,-0.0,0.0
31,0.0,-0.0,0.0
32,0.0,-0.0,0.0
33,0.0,-0.0,0.0
34,0.0,-0.0,0.0
35,0.0,-0.0,0.0
36,0.0,-0.0,0.0
37,0.0,-0.0,0.0
38,0.0,-0.0,0.0
39,0.0,-0.0,0.0
40,0.0,-0.0,0.0
41,0.0,-0.0,0.0
42,0.0,-0.0,0.0
43,0.0,-0.0,0.0
44,0.0,-0.0,0.0
45,0.0,-0.0,0.0
46,0.0,-0.0,0.0
47,0.0,-0.0,0.0
48,0.0,-0.0,0.0
49,0.0,-0.0,0.0
50,0.0,-0.0,0.0
51,0.0,-0.0,0.0
52,0.0,-0.0,0.0
53,0.0,-0.0,0.0
54,0.0,-0.0,0.0
55,0.0,-0.0,0.0
56,0.0,-0.0,0.0
57,0.0,-0.0,0.0
58,0.0,-0.0,0.0
59,0.0,-0.0,0.0
60,0.0,-0.0,0.0
61,0.0,-0.0,0.0
62,0.0,-0.0,0.0
63,0.0,-0.0,0.0
64,0.0,-0.0,0.0
65,0.0,-0.0,0.0
66,0.0,-0.0,0.0
67,-30.0,0.5,-0.18181818181818182
68,-30.0,1.0,-0.18181818181818182
69,-30.0,1.5,-0.18181818181818182
70,-30.0,2.0,-0.18181818181818182
71,-30.0,2.5,-0.18181818181818182
72,-30.0,3.0,-0.18181818181818182
73,-30.0,3.5,-0.18181818181818182
74,-30.0,4.0,-0.18181818181818182
75,-30.0,4.5,-0.18181818181818182
76,-30.0,5.0,-0.18181818181818182
77,-30.0,5.5,-0.18181818181818182
78,-30.0,6.0,-0.18181818181818182
79,-30.0,6.5,-0.18181818181818182
80,-30.0,7.0,-0.18181818181818182
81,-30.0,7.5,-0.18181818181818182
82,-30.0,8.0,-0.18181818181818182
83,-30.0,8.5,-0.18181818181818182
84,-30.0,9.0,-0.18181818181818182
85,-30.0,9.5,-0.18181818181818182
86,-30.0,10.0,-0.18181818181818182
87,-30.0,10.5,-0.18181818181818182
88,-30.0,11.0,-0.18181818181818182
89,-30.0,11.5,-0.18181818181818182
90,-30.0,12.0,-0.18181818181818182
91,-30.0,12.5,-0.18181818181818182
92,-30.0,13.0,-0.18181818181818182
93,-30.0,13.5,-0.18181818181818182
94,-30.0,14.0,-0.18181818181818182
95,-30.0,14.5,-0.18181818181818182
96,-30.0,15.0,-0.18181818181818182
97,-30.0,15.5,-0.18181818181818182
98,-30.0,16.0,-0.18181818181818182
99,-30.0,16.5,-0.18181818181818182
100,-30.0,17.0,-0.18181818181818182
101,-30.0,17.5,-0.18181818181818182
102,-30.0,18.0,-0.18181818181818182
103,-30.0,18.5,-0.18181818181818182
104,-30.0,19.0,-0.18181818181818182
105,-30.0,19.5,-0.18181818181818182
106,-30.0,20.0,-0.18181818181818182
107,-30.0,20.5,-0.18181818181818182
108,-30.0,21.0,-0.18181818181818182
109,-30.0,21.5,-0.18181818181818182
110,-30.0,22.0,-0.18181818181818182
111,-30.0,22.5,-0.18181818181818182
112,-30.0,23.0,-0.18181818181818182
113,-30.0,23.5,-0.18181818181818182
114,-30.0,24.0,-0.18181818181818182
115,-30.0,24.5,-0.18181818181818182
116,-30.0,25.0,-0.18181818181818182
117,-30.0,25.5,-0.18181818181818182
118,-30.0,26.0,-0.18181818181818182
119,-30.0,26.5,-0.18181818181818182
120,-30.0,27.0,-0.18181818181818182
121,-30.0,27.5,-0.18181818181818182
122,-30.0,28.0,-0.18181818181818182
123,-30.0,28.5,-0.18181818181818182
124,-30.0,29.0,-0.18181818181818182
125,-30.0,29.5,-0.18181818181818182
126,-30.0,30.0,-0.18181818181818182
127,-30.0,30.5,-0.18181818181818182
128,-30.0,31.0,-0.18181818181818182
129,-30.0,31.5,-0.18181818181818182
130,-30.0,32.0,-0.18181818181818182
131,-30.0,32.5,-0.18181818181818182
132,-30.0,33.0,-0.18181818181818182
133,-30.0,33.5,-0.18181818181818182
134,-30.0,34.0,-0.18181818181818182
135,-30.0,34.5,-0.18181818181818182
136,-30.0,35.0,-0.18181818181818182
137,-30.0,35.5,-0.18181818181818182
138,-30.0,36.0,-0.18181818181818182
139,-30.0,36.5,-0.18181818181818182
140,-30.0,37.0,-0.18181818181818182
141,-30.0,37.5,-0.18181818181818182
142,-30.0,38.0,-0.18181818181818182
143,-30.0,38.5,-0.18181818181818182
144,-30.0,39.0,-0.18181818181818182
145,-30.0,39.5,-0.18181818181818182
146,-30.0,40.0,-0.18181818181818182
147,-30.0,40.5,-0.18181818181818182
148,-30.0,41.0,-0.18181818181818182
149,-30.0,41.5,-0.18181818181818182
150,-30.0,42.0,-0.18181818181818182
151,-30.0,42.5,-0.18181818181818182
152,-30.0,43.0,-0.18181818181818182
153,-30.0,43.5,-0.18181818181818182
154,-30.0,44.0,-0.18181818181818182
155,-30.0,44.5,-0.18181818181818182
156,-30.0,45.0,-0.18181818181818182
157,-30.0,45.5,-0.18181818181818182
158,-30.0,46.0,-0.18181818181818182
159,-30.0,46.5,-0.18181818181818182
160,-30.0,47.0,-0.18181818181818182
161,-30.0,47.5,-0.18181818181818182
162,-30.0,48.0,-0.18181818181818182
163,-30.0,48.5,-0.18181818181818182
164,-30.0,49.0,-0.18181818181818182
165,-30.0,49.5,-0.18181818181818182
166,-30.0,50.0,-0.18181818181818182
167,-30.0,50.5,-0.18181818181818182
168,-30.0,51.0,-0.18181818181818182
169,-30.0,51.5,-0.18181818181818182
170,-30.0,52.0,-0.18181818181818182
171,-30.0,52.5,-0.18181818181818182
172,0.0,52.5,0.0
173,0.0,52.5,0.0
174,0.0,52.5,0.0
175,0.0,52.5,0.0
176,0.0,52.5,0.0
177,0.0,52.5,0.0
178,0.0,52.5,0.0
179,0.0,52.5,0.0
180,0.0,52.5,0.0
181,0.0,52.5,0.0
182,0.0,52.5,0.0
183,0.0,52.5,0.0
184,0.0,52.5,0.0
185,0.0,52.5,0.0
186,0.0,52.5,0.0
187,0.0,52.5,0.0
188,0.0,52.5,0.0
189,0.0,52.5,0.0
190,0.0,52.5,0.0
191,0.0,52.5,0.0
192,0.0,52.5,0.0
193,0.0,52.5,0.0
194,0.0,52.5,0.0
195,0.0,52.5,0.0
196,0.0,52.5,0.0
197,0.0,52.5,0.0
198,0.0,52.5,0.0
199,0.0,52.5,0.0
200,0.0,52.5,0.0
201,0.0,52.5,0.0
202,0.0,52.5,0.0
203,0.0,52.5,0.0
204,0.0,52.5,0.0
205,0.0,52.5,0.0
206,0.0,52.5,0.0
207,0.0,52.5,0.0
208,0.0,52.5,0.0
209,0.0,52.5,0.0
210,0.0,52.5,0.0
211,0.0,52.5,0.0
212,0.0,52.5,0.0
213,0.0,52.5,0.0
214,0.0,52.5,0.0
215,-30.0,53.0,-0.18181818181818182
216,-30.0,53.5,-0.18181818181818182
217,-30.0,54.0,-0.18181818181818182
218,-30.0,54.5,-0.18181818181818182
219,-30.0,55.0,-0.18181818181818182
220,-30.0,55.5,-0.18181818181818182
221,-30.0,56.0,-0.18181818181818182
222,-30.0,56.5,-0.18181818181818182
223,-30.0,57.0,-0.18181818181818182
224,-30.0,57.5,-0.18181818181818182
225,-75.0,58.75,-0.45454545454545453
226,-75.0,60.0,-0.45454545454545453
227,-75.0,61.25,-0.45454545454545453
228,-75.0,62.5,-0.45454545454545453
229,-75.0,63.75,-0.45454545454545453
230,-165.0,66.5,-1.0
231,-165.0,69.25,-1.0
232,-165.0,72.0,-1.0
233,-165.0,74.75,-1.0
234,-165.0,77.5,-1.0
235,-165.0,80.25,-1.0
236,-165.0,83.0,-1.0
237,-165.0,85.75,-1.0
238,-165.0,88.5,-1.0
239,-165.0,91.25,-1.0
240,-165.0,94.0,-1.0
241,-165.0,96.75,-1.0
242,-165.0,99.5,-1.0
243,-165.0,102.25,-1.0
244,-165.0,105.0,-1.0
245,-165.0,107.75,-1.0
246,-165.0,110.5,-1.0
247,-165.0,113.25,-1.0
248,-165.0,116.0,-1.0
249,-165.0,118.75,-1.0
250,-165.0,121.5,-1.0
251,-165.0,124.25,-1.0
252,-165.0,127.0,-1.0
253,-165.0,129.75,-1.0
254,-165.0,132.5,-1.0
255,-165.0,135.25,-1.0
256,-165.0,138.0,-1.0
257,-165.0,140.75,-1.0
258,-165.0,143.5,-1.0
259,-165.0,146.25,-1.0
260,-165.0,149.0,-1.0
261,-165.0,151.75,-1.0
262,-165.0,154.5,-1.0
263,-165.0,157.25,-1.0
264,-165.0,160.0,-1.0
265,-165.0,162.75,-1.0
266,-165.0,165.5,-1.0
267,-165.0,168.25,-1.0
268,-165.0,171.0,-1.0
269,-165.0,173.75,-1.0
270,-165.0,176.5,-1.0
271,-165.0,179.25,-1.0
272,-165.0,182.0,-1.0
273,-165.0,184.75,-1.0
274,-165.0,187.5,-1.0
275,-165.0,190.25,-1.0
276,-165.0,193.0,-1.0
277,-165.0,195.75,-1.0
278,-165.0,198.5,-1.0
279,-165.0,201.25,-1.0
280,-165.0,204.0,-1.0
281,-165.0,206.75,-1.0
282,-165.0,209.5,-1.0
283,-165.0,212.25,-1.0
284,-165.0,215.0,-1.0
285,-165.0,217.75,-1.0
286,-165.0,220.5,-1.0
287,-165.0,223.25,-1.0
288,-165.0,226.0,-1.0
289,-165.0,228.75,-1.0
290,-75.0,230.0,-0.45454545454545453
291,-75.0,231.25,-0.45454545454545453
292,-75.0,232.5,-0.45454545454545453
293,-75.0,233.75,-0.45454545454545453
294,-75.0,235.0,-0.45454545454545453
295,-75.0,236.25,-0.45454545454545453
296,-75.0,237.5,-0.45454545454545453
297,-75.0,238.75,-0.45454545454545453
298,-75.0,240.0,-0.45454545454545453
299,-75.0,241.25,-0.45454545454545453
300,-30.0,241.75,-0.18181818181818182
301,-30.0,242.25,-0.18181818181818182
302,-30.0,242.75,-0.18181818181818182
303,-30.0,243.25,-0.18181818181818182
304,-30.0,243.75,-0.18181818181818182
305,-30.0,244.25,-0.18181818181818182
306,-30.0,244.75,-0.18181818181818182
307,-30.0,245.25,-0.18181818181818182
308,-30.0,245.75,-0.18181818181818182
309,-30.0,246.25,-0.18181818181818182
310,-30.0,246.75,-0.18181818181818182
311,-30.0,247.25,-0.18181818181818182
312,-30.0,247.75,-0.18181818181818182
313,-30.0,248.25,-0.18181818181818182
314,-30.0,248.75,-0.18181818181818182
315,-30.0,249.25,-0.18181818181818182
316,-30.0,249.75,-0.18181818181818182
317,-30.0,250.25,-0.18181818181818182
318,-30.0,250.75,-0.18181818181818182
319,-30.0,251.25,-0.18181818181818182
320,-30.0,251.75,-0.18181818181818182
321,-30.0,252.25,-0.18181818181818182
322,-30.0,252.75,-0.18181818181818182
323,-30.0,253.25,-0.18181818181818182
324,-30.0,253.75,-0.18181818181818182
325,-30.0,254.25,-0.18181818181818182
326,-30.0,254.75,-0.18181818181818182
327,-30.0,255.25,-0.18181818181818182
328,-30.0,255.75,-0.18181818181818182
329,-30.0,256.25,-0.18181818181818182
330,0.0,256.25,0.0
331,0.0,256.25,0.0
332,0.0,256.25,0.0
333,0.0,256.25,0.0
334,0.0,256.25,0.0
335,0.0,256.25,0.0
336,0.0,256.25,0.0
337,0.0,256.25,0.0
338,0.0,256.25,0.0
339,0.0,256.25,0.0
340,0.0,256.25,0.0
341,0.0,256.25,0.0
342,0.0,256.25,0.0
343,0.0,256.25,0.0
344,0.0,256.25,0.0
345,0.0,256.25,0.0
346,0.0,256.25,0.0
347,0.0,256.25,0.0
348,0.0,256.25,0.0
349,0.0,256.25,0.0
350,0.0,256.25,0.0
351,0.0,256.25,0.0
352,0.0,256.25,0.0
353,0.0,256.25,0.0
354,0.0,256.25,0.0
355,0.0,256.25,0.0
356,0.0,256.25,0.0
357,0.0,256.25,0.0
358,0.0,256.25,0.0
359,0.0,256.25,0.0
360,0.0,256.25,0.0
361,0.0,256.25,0.0
362,0.0,256.25,0.0
363,0.0,256.25,0.0
364,0.0,256.25,0.0
365,0.0,256.25,0.0
366,0.0,256.25,0.0
367,0.0,256.25,0.0
368,0.0,256.25,0.0
369,0.0,256.25,0.0
370,0.0,256.25,0.0
371,0.0,256.25,0.0
372,0.0,256.25,0.0
373,0.0,256.25,0.0
374,0.0,256.25,0.0
375,0.0,256.25,0.0
376,0.0,256.25,0.0
377,0.0,256.25,0.0
378,0.0,256.25,0.0
379,0.0,256.25,0.0
380,0.0,256.25,0.0
381,0.0,256.25,0.0
382,0.0,256.25,0.0
383,0.0,256.25,0.0
384,0.0,256.25,0.0
385,0.0,256.25,0.0
386,0.0,256.25,0.0
387,0.0,256.25,0.0
388,0.0,256.25,0.0
389,0.0,256.25,0.0
390,0.0,256.25,0.0
391,0.0,256.25,0.0
392,0.0,256.25,0.0
393,0.0,256.25,0.0
394,0.0,256.25,0.0
395,0.0,256.25,0.0
396,0.0,256.25,0.0
397,0.0,256.25,0.0
398,0.0,256.25,0.0
399,0.0,256.25,0.0
400,0.0,256.25,0.0
401,0.0,256.25,0.0
402,0.0,256.25,0.0
403,0.0,256.25,0.0
404,0.0,256.25,0.0
405,0.0,256.25,0.0
406,0.0,256.25,0.0
407,0.0,256.25,0.0
408,0.0,256.25,0.0
409,0.0,256.25,0.0
410,0.0,256.25,0.0
411,0.0,256.25,0.0
412,0.0,256.25,0.0
413,0.0,256.25,0.0
414,0.0,256.25,0.0
415,0.0,256.25,0.0
416,0.0,256.25,0.0
417,0.0,256.25,0.0
418,0.0,256.25,0.0
419,0.0,256.25,0.0
420,0.0,256.25,0.0
421,0.0,256.25,0.0
422,0.0,256.25,0.0
423,0.0,256.25,0.0
424,0.0,256.25,0.0
425,0.0,256.25,0.0
426,0.0,256.25,0.0
427,0.0,256.25,0.0
428,0.0,256.25,0.0
429,0.0,256.25,0.0
430,0.0,256.25,0.0
431,0.0,256.25,0.0
432,0.0,256.25,0.0
433,0.0,256.25,0.0
434,0.0,256.25,0.0
435,0.0,256.25,0.0
436,0.0,256.25,0.0
437,0.0,256.25,0.0
438,0.0,256.25,0.0
439,0.0,256.25,0.0
440,0.0,256.25,0.0
441,0.0,256.25,0.0
442,0.0,256.25,0.0
443,0.0,256.25,0.0
444,0.0,256.25,0.0
445,0.0,256.25,0.0
446,0.0,256.25,0.0
447,0.0,256.25,0.0
448,0.0,256.25,0.0
449,0.0,256.25,0.0
450,0.0,256.25,0.0
451,0.0,256.25,0.0
452,0.0,256.25,0.0
453,0.0,256.25,0.0
454,0.0,256.25,0.0
455,0.0,256.25,0.0
456,0.0,256.25,0.0
457,0.0,256.25,0.0
458,0.0,256.25,0.0
459,0.0,256.25,0.0
460,0.0,256.25,0.0
461,0.0,256.25,0.0
462,0.0,256.25,0.0
463,0.0,256.25,0.0
464,0.0,256.25,0.0
465,0.0,256.25,0.0
466,0.0,256.25,0.0
467,0.0,256.25,0.0
468,0.0,256.25,0.0
469,0.0,256.25,0.0
470,0.0,256.25,0.0
471,0.0,256.25,0.0
472,0.0,256.25,0.0
473,0.0,256.25,0.0
474,0.0,256.25,0.0
475,0.0,256.25,0.0
476,0.0,256.25,0.0
477,0.0,256.25,0.0
478,0.0,256.25,0.0
479,0.0,256.25,0.0
480,0.0,256.25,0.0
481,0.0,256.25,0.0
482,0.0,256.25,0.0
483,0.0,256.25,0.0
484,0.0,256.25,0.0
485,0.0,256.25,0.0
486,0.0,256.25,0.0
487,-30.0,256.75,-0.18181818181818182
488,-30.0,257.25,-0.18181818181818182
489,-30.0,257.75,-0.18181818181818182
490,-30.0,258.25,-0.18181818181818182
491,-30.0,258.75,-0.18181818181818182
492,-30.0,259.25,-0.18181818181818182
493,-30.0,259.75,-0.18181818181818182
494,-30.0,260.25,-0.18181818181818182
495,-30.0,260.75,-0.18181818181818182
496,-30.0,261.25,-0.18181818181818182
497,-30.0,261.75,-0.18181818181818182
498,-30.0,262.25,-0.18181818181818182
499,-30.0,262.75,-0.18181818181818182
500,-30.0,263.25,-0.18181818181818182
501,-30.0,263.75,-0.18181818181818182
502,-30.0,264.25,-0.18181818181818182
503,-30.0,264.75,-0.18181818181818182
504,-30.0,265.25,-0.18181818181818182
505,-30.0,265.75,-0.18181818181818182
506,-30.0,266.25,-0.18181818181818182
507,-30.0,266.75,-0.18181818181818182
508,-30.0,267.25,-0.18181818181818182
509,-30.0,267.75,-0.18181818181818182
510,-30.0,268.25,-0.18181818181818182
511,-30.0,268.75,-0.18181818181818182
512,0.0,268.75,0.0
513,0.0,268.75,0.0
514,0.0,268.75,0.0
515,0.0,268.75,0.0
516,0.0,268.75,0.0
517,0.0,268.75,0.0
518,0.0,268.75,0.0
519,0.0,268.75,0.0
520,0.0,268.75,0.0
521,0.0,268.75,0.0
522,0.0,268.75,0.0
523,0.0,268.75,0.0
524,0.0,268.75,0.0
525,0.0,268.75,0.0
526,0.0,268.75,0.0
527,0.0,268.75,0.0
528,0.0,268.75,0.0
529,0.0,268.75,0.0
530,0.0,268.75,0.0
531,0.0,268.75,0.0
532,0.0,268.75,0.0
533,0.0,268.75,0.0
534,0.0,268.75,0.0
535,0.0,268.75,0.0
536,0.0,268.75,0.0
537,0.0,268.75,0.0
538,0.0,268.75,0.0
539,0.0,268.75,0.0
540,0.0,268.75,0.0
541,0.0,268.75,0.0
542,0.0,268.75,0.0
543,0.0,268.75,0.0
544,0.0,268.75,0.0
545,0.0,268.75,0.0
546,0.0,268.75,0.0
547,0.0,268.75,0.0
548,0.0,268.75,0.0
549,0.0,268.75,0.0
550,50.0,267.9166666666667,0.30303030303030304
551,50.0,267.08333333333337,0.30303030303030304
552,50.0,266.25000000000006,0.30303030303030304
553,50.0,265.41666666666674,0.30303030303030304
554,50.0,264.5833333333334,0.30303030303030304
555,50.0,263.7500000000001,0.30303030303030304
556,50.0,262.9166666666668,0.30303030303030304
557,50.0,262.0833333333335,0.30303030303030304
558,50.0,261.25000000000017,0.30303030303030304
559,50.0,260.41666666666686,0.30303030303030304
560,50.0,259.58333333333354,0.30303030303030304
561,50.0,258.7500000000002,0.30303030303030304
562,50.0,257.9166666666669,0.30303030303030304
563,50.0,257.0833333333336,0.30303030303030304
564,50.0,256.2500000000003,0.30303030303030304
565,50.0,255.41666666666694,0.30303030303030304
566,50.0,254.5833333333336,0.30303030303030304
567,50.0,253.75000000000026,0.30303030303030304
568,50.0,252.9166666666669,0.30303030303030304
569,50.0,252.08333333333357,0.30303030303030304
570,95.0,250.50000000000023,0.5757575757575758
571,95.0,248.91666666666688,0.5757575757575758
572,95.0,247.33333333333354,0.5757575757575758
573,95.0,245.7500000000002,0.5757575757575758
574,95.0,244.16666666666686,0.5757575757575758
575,95.0,242.5833333333335,0.5757575757575758
576,95.0,241.00000000000017,0.5757575757575758
577,95.0,239.41666666666683,0.5757575757575758
578,95.0,237.83333333333348,0.5757575757575758
579,95.0,236.25000000000014,0.5757575757575758
580,95.0,234.6666666666668,0.5757575757575758
581,95.0,233.08333333333346,0.5757575757575758
582,95.0,231.5000000000001,0.5757575757575758
583,95.0,229.91666666666677,0.5757575757575758
584,95.0,228.33333333333343,0.5757575757575758
585,95.0,226.75000000000009,0.5757575757575758
586,95.0,225.16666666666674,0.5757575757575758
587,95.0,223.5833333333334,0.5757575757575758
588,95.0,222.00000000000006,0.5757575757575758
589,95.0,220.4166666666667,0.5757575757575758
590,95.0,218.83333333333337,0.5757575757575758
591,95.0,217.25000000000003,0.5757575757575758
592,95.0,215.66666666666669,0.5757575757575758
593,95.0,214.08333333333334,0.5757575757575758
594,95.0,212.5,0.5757575757575758
595,95.0,210.91666666666666,0.5757575757575758
596,95.0,209.33333333333331,0.5757575757575758
597,95.0,207.74999999999997,0.5757575757575758
598,95.0,206.16666666666663,0.5757575757575758
599,95.0,204.5833333333333,0.5757575757575758
600,95.0,202.99999999999994,0.5757575757575758
601,95.0,201.4166666666666,0.5757575757575758
602,95.0,199.83333333333326,0.5757575757575758
603,95.0,198.24999999999991,0.5757575757575758
604,95.0,196.66666666666657,0.5757575757575758
605,95.0,195.08333333333323,0.5757575757575758
606,95.0,193.4999999999999,0.5757575757575758
607,95.0,191.91666666666654,0.5757575757575758
608,95.0,190.3333333333332,0.5757575757575758
609,95.0,188.74999999999986,0.5757575757575758
610,95.0,187.16666666666652,0.5757575757575758
611,95.0,185.58333333333317,0.5757575757575758
612,95.0,183.99999999999983,0.5757575757575758
613,95.0,182.4166666666665,0.5757575757575758
614,95.0,180.83333333333314,0.5757575757575758
615,95.0,179.2499999999998,0.5757575757575758
616,95.0,177.66666666666646,0.5757575757575758
617,95.0,176.08333333333312,0.5757575757575758
618,50.0,175.24999999999977,0.30303030303030304
619,50.0,174.41666666666643,0.30303030303030304
620,50.0,173.5833333333331,0.30303030303030304
621,50.0,172.74999999999974,0.30303030303030304
622,50.0,171.9166666666664,0.30303030303030304
623,50.0,171.08333333333306,0.30303030303030304
624,50.0,170.24999999999972,0.30303030303030304
625,50.0,169.41666666666637,0.30303030303030304
626,50.0,168.58333333333303,0.30303030303030304
627,50.0,167.7499999999997,0.30303030303030304
628,50.0,166.91666666666634,0.30303030303030304
629,50.0,166.083333333333,0.30303030303030304
630,50.0,165.24999999999966,0.30303030303030304
631,50.0,164.41666666666632,0.30303030303030304
632,50.0,163.58333333333297,0.30303030303030304
633,50.0,162.74999999999963,0.30303030303030304
634,50.0,161.9166666666663,0.30303030303030304
635,0.0,161.9166666666663,0.0
636,0.0,161.9166666666663,0.0
637,0.0,161.9166666666663,0.0
638,0.0,161.9166666666663,0.0
639,0.0,161.9166666666663,0.0
640,0.0,161.9166666666663,0.0
641,0.0,161.9166666666663,0.0
642,0.0,161.9166666666663,0.0
643,0.0,161.9166666666663,0.0
644,0.0,161.9166666666663,0.0
645,-30.0,162.4166666666663,-0.18181818181818182
646,-30.0,162.9166666666663,-0.18181818181818182
647,-30.0,163.4166666666663,-0.18181818181818182
648,-30.0,163.9166666666663,-0.18181818181818182
649,-30.0,164.4166666666663,-0.18181818181818182
650,-30.0,164.9166666666663,-0.18181818181818182
651,-30.0,165.4166666666663,-0.18181818181818182
652,-30.0,165.9166666666663,-0.18181818181818182
653,-30.0,166.4166666666663,-0.18181818181818182
654,-30.0,166.9166666666663,-0.18181818181818182
655,-30.0,167.4166666666663,-0.18181818181818182
656,-30.0,167.9166666666663,-0.18181818181818182
657,-30.0,168.4166666666663,-0.18181818181818182
658,-30.0,168.9166666666663,-0.18181818181818182
659,-30.0,169.4166666666663,-0.18181818181818182
660,-30.0,169.9166666666663,-0.18181818181818182
661,-30.0,170.4166666666663,-0.18181818181818182
662,-30.0,170.9166666666663,-0.18181818181818182
663,-30.0,171.4166666666663,-0.18181818181818182
664,-30.0,171.9166666666663,-0.18181818181818182
665,-75.0,173.1666666666663,-0.45454545454545453
666,-75.0,174.4166666666663,-0.45454545454545453
667,-75.0,175.6666666666663,-0.45454545454545453
668,-75.0,176.9166666666663,-0.45454545454545453
669,-75.0,178.1666666666663,-0.45454545454545453
670,-75.0,179.4166666666663,-0.45454545454545453
671,-75.0,180.6666666666663,-0.45454545454545453
672,-75.0,181.9166666666663,-0.45454545454545453
673,-75.0,183.1666666666663,-0.45454545454545453
674,-75.0,184.4166666666663,-0.45454545454545453
675,-75.0,185.6666666666663,-0.45454545454545453
676,-75.0,186.9166666666663,-0.45454545454545453
677,-75.0,188.1666666666663,-0.45454545454545453
678,-75.0,189.4166666666663,-0.45454545454545453
679,-75.0,190.6666666666663,-0.45454545454545453
680,-75.0,191.9166666666663,-0.45454545454545453
681,-75.0,193.1666666666663,-0.45454545454545453
682,-75.0,194.4166666666663,-0.45454545454545453
683,-75.0,195.6666666666663,-0.45454545454545453
684,-75.0,196.9166666666663,-0.45454545454545453
685,-75.0,198.1666666666663,-0.45454545454545453
686,-75.0,199.4166666666663,-0.45454545454545453
687,-75.0,200.6666666666663,-0.45454545454545453
688,-75.0,201.9166666666663,-0.45454545454545453
689,-75.0,203.1666666666663,-0.45454545454545453
690,-75.0,204.4166666666663,-0.45454545454545453
691,-75.0,205.6666666666663,-0.45454545454545453
692,-75.0,206.9166666666663,-0.45454545454545453
693,-75.0,208.1666666666663,-0.45454545454545453
694,-75.0,209.4166666666663,-0.45454545454545453
695,-75.0,210.6666666666663,-0.45454545454545453
696,-75.0,211.9166666666663,-0.45454545454545453
697,-75.0,213.1666666666663,-0.45454545454545453
698,-75.0,214.4166666666663,-0.45454545454545453
699,-75.0,215.6666666666663,-0.45454545454545453
700,-75.0,216.9166666666663,-0.45454545454545453
701,-75.0,218.1666666666663,-0.45454545454545453
702,-75.0,219.4166666666663,-0.45454545454545453
703,-75.0,220.6666666666663,-0.45454545454545453
704,-75.0,221.9166666666663,-0.45454545454545453
705,-75.0,223.1666666666663,-0.45454545454545453
706,-75.0,224.4166666666663,-0.45454545454545453
707,-75.0,225.6666666666663,-0.45454545454545453
708,-75.0,226.9166666666663,-0.45454545454545453
709,-75.0,228.1666666666663,-0.45454545454545453
710,-30.0,228.6666666666663,-0.18181818181818182
711,-30.0,229.1666666666663,-0.18181818181818182
712,-30.0,229.6666666666663,-0.18181818181818182
713,-30.0,230.1666666666663,-0.18181818181818182
714,-30.0,230.6666666666663,-0.18181818181818182
715,-30.0,231.1666666666663,-0.18181818181818182
716,-30.0,231.6666666666663,-0.18181818181818182
717,-30.0,232.1666666666663,-0.18181818181818182
718,-30.0,232.6666666666663,-0.18181818181818182
719,-30.0,233.1666666666663,-0.18181818181818182
720,-30.0,233.6666666666663,-0.18181818181818182
721,-30.0,234.1666666666663,-0.18181818181818182
722,-30.0,234.6666666666663,-0.18181818181818182
723,-30.0,235.1666666666663,-0.18181818181818182
724,-30.0,235.6666666666663,-0.18181818181818182
725,-30.0,236.1666666666663,-0.18181818181818182
726,-30.0,236.6666666666663,-0.18181818181818182
727,-30.0,237.1666666666663,-0.18181818181818182
728,-30.0,237.6666666666663,-0.18181818181818182
729,-30.0,238.1666666666663,-0.18181818181818182
730,-30.0,238.6666666666663,-0.18181818181818182
731,-30.0,239.1666666666663,-0.18181818181818182
732,-30.0,239.6666666666663,-0.18181818181818182
733,-30.0,240.1666666666663,-0.18181818181818182
734,-30.0,240.6666666666663,-0.18181818181818182
735,-30.0,241.1666666666663,-0.18181818181818182
736,-30.0,241.6666666666663,-0.18181818181818182
737,-30.0,242.1666666666663,-0.18181818181818182
738,-30.0,242.6666666666663,-0.18181818181818182
739,-30.0,243.1666666666663,-0.18181818181818182
740,-30.0,243.6666666666663,-0.18181818181818182
741,-30.0,244.1666666666663,-0.18181818181818182
742,-30.0,244.6666666666663,-0.18181818181818182
743,-30.0,245.1666666666663,-0.18181818181818182
744,-30.0,245.6666666666663,-0.18181818181818182
745,-30.0,246.1666666666663,-0.18181818181818182
746,-30.0,246.6666666666663,-0.18181818181818182
747,-30.0,247.1666666666663,-0.18181818181818182
748,-30.0,247.6666666666663,-0.18181818181818182
749,-30.0,248.1666666666663,-0.18181818181818182
750,-30.0,248.6666666666663,-0.18181818181818182
751,-30.0,249.1666666666663,-0.18181818181818182
752,-30.0,249.6666666666663,-0.18181818181818182
753,-30.0,250.1666666666663,-0.18181818181818182
754,-30.0,250.6666666666663,-0.18181818181818182
755,0.0,250.6666666666663,0.0
756,0.0,250.6666666666663,0.0
757,0.0,250.6666666666663,0.0
758,0.0,250.6666666666663,0.0
759,0.0,250.6666666666663,0.0
760,0.0,250.6666666666663,0.0
761,0.0,250.6666666666663,0.0
762,0.0,250.6666666666663,0.0
763,0.0,250.6666666666663,0.0
764,0.0,250.6666666666663,0.0
765,0.0,250.6666666666663,0.0
766,0.0,250.6666666666663,0.0
767,0.0,250.6666666666663,0.0
768,0.0,250.6666666666663,0.0
769,0.0,250.6666666666663,0.0
770,0.0,250.6666666666663,0.0
771,0.0,250.6666666666663,0.0
772,0.0,250.6666666666663,0.0
773,0.0,250.6666666666663,0.0
774,0.0,250.6666666666663,0.0
775,0.0,250.6666666666663,0.0
776,0.0,250.6666666666663,0.0
777,0.0,250.6666666666663,0.0
778,0.0,250.6666666666663,0.0
779,0.0,250.6666666666663,0.0
780,0.0,250.6666666666663,0.0
781,0.0,250.6666666666663,0.0
782,0.0,250.6666666666663,0.0
783,0.0,250.6666666666663,0.0
784,0.0,250.6666666666663,0.0
785,0.0,250.6666666666663,0.0
786,0.0,250.6666666666663,0.0
787,0.0,250.6666666666663,0.0
788,0.0,250.6666666666663,0.0
789,0.0,250.6666666666663,0.0
790,0.0,250.6666666666663,0.0
791,0.0,250.6666666666663,0.0
792,0.0,250.6666666666663,0.0
793,0.0,250.6666666666663,0.0
794,0.0,250.6666666666663,0.0
795,0.0,250.6666666666663,0.0
796,0.0,250.6666666666663,0.0
797,0.0,250.6666666666663,0.0
798,0.0,250.6666666666663,0.0
799,0.0,250.6666666666663,0.0
800,0.0,250.6666666666663,0.0
801,0.0,250.6666666666663,0.0
802,0.0,250.6666666666663,0.0
803,0.0,250.6666666666663,0.0
804,0.0,250.6666666666663,0.0
805,0.0,250.6666666666663,0.0
806,0.0,250.6666666666663,0.0
807,0.0,250.6666666666663,0.0
808,0.0,250.6666666666663,0.0
809,0.0,250.6666666666663,0.0
810,0.0,250.6666666666663,0.0
811,0.0,250.6666666666663,0.0
812,0.0,250.6666666666663,0.0
813,0.0,250.6666666666663,0.0
814,0.0,250.6666666666663,0.0
815,0.0,250.6666666666663,0.0
816,0.0,250.6666666666663,0.0
817,0.0,250.6666666666663,0.0
818,0.0,250.6666666666663,0.0
819,0.0,250.6666666666663,0.0
820,0.0,250.6666666666663,0.0
821,0.0,250.6666666666663,0.0
822,0.0,250.6666666666663,0.0
823,0.0,250.6666666666663,0.0
824,0.0,250.6666666666663,0.0
825,0.0,250.6666666666663,0.0
826,0.0,250.6666666666663,0.0
827,0.0,250.6666666666663,0.0
828,0.0,250.6666666666663,0.0
829,0.0,250.6666666666663,0.0
830,0.0,250.6666666666663,0.0
831,0.0,250.6666666666663,0.0
832,0.0,250.6666666666663,0.0
833,0.0,250.6666666666663,0.0
834,0.0,250.6666666666663,0.0
835,0.0,250.6666666666663,0.0
836,0.0,250.6666666666663,0.0
837,0.0,250.6666666666663,0.0
838,0.0,250.6666666666663,0.0
839,0.0,250.6666666666663,0.0
840,0.0,250.6666666666663,0.0
841,0.0,250.6666666666663,0.0
842,0.0,250.6666666666663,0.0
843,0.0,250.6666666666663,0.0
844,0.0,250.6666666666663,0.0
845,0.0,250.6666666666663,0.0
846,0.0,250.6666666666663,0.0
847,0.0,250.6666666666663,0.0
848,0.0,250.6666666666663,0.0
849,0.0,250.6666666666663,0.0
850,0.0,250.6666666666663,0.0
851,0.0,250.6666666666663,0.0
852,0.0,250.6666666666663,0.0
853,0.0,250.6666666666663,0.0
854,0.0,250.6666666666663,0.0
855,0.0,250.6666666666663,0.0
856,0.0,250.6666666666663,0.0
857,0.0,250.6666666666663,0.0
858,0.0,250.6666666666663,0.0
859,0.0,250.6666666666663,0.0
860,0.0,250.6666666666663,0.0
861,0.0,250.6666666666663,0.0
862,0.0,250.6666666666663,0.0
863,0.0,250.6666666666663,0.0
864,0.0,250.6666666666663,0.0
865,0.0,250.6666666666663,0.0
866,0.0,250.6666666666663,0.0
867,0.0,250.6666666666663,0.0
868,0.0,250.6666666666663,0.0
869,0.0,250.6666666666663,0.0
870,0.0,250.6666666666663,0.0
871,0.0,250.6666666666663,0.0
872,0.0,250.6666666666663,0.0
873,0.0,250.6666666666663,0.0
874,0.0,250.6666666666663,0.0
875,0.0,250.6666666666663,0.0
876,0.0,250.6666666666663,0.0
877,0.0,250.6666666666663,0.0
878,0.0,250.6666666666663,0.0
879,0.0,250.6666666666663,0.0
880,0.0,250.6666666666663,0.0
881,0.0,250.6666666666663,0.0
882,0.0,250.6666666666663,0.0
883,0.0,250.6666666666663,0.0
884,0.0,250.6666666666663,0.0
885,0.0,250.6666666666663,0.0
886,0.0,250.6666666666663,0.0
887,0.0,250.6666666666663,0.0
888,0.0,250.6666666666663,0.0
889,0.0,250.6666666666663,0.0
890,0.0,250.6666666666663,0.0
891,0.0,250.6666666666663,0.0
892,50.0,249.83333333333294,0.30303030303030304
893,50.0,248.9999999999996,0.30303030303030304
894,50.0,248.16666666666626,0.30303030303030304
895,50.0,247.33333333333292,0.30303030303030304
896,50.0,246.49999999999957,0.30303030303030304
897,50.0,245.66666666666623,0.30303030303030304
898,50.0,244.8333333333329,0.30303030303030304
899,50.0,243.99999999999955,0.30303030303030304
900,50.0,243.1666666666662,0.30303030303030304
901,50.0,242.33333333333286,0.30303030303030304
902,50.0,241.49999999999952,0.30303030303030304
903,50.0,240.66666666666617,0.30303030303030304
904,50.0,239.83333333333283,0.30303030303030304
905,95.0,238.2499999999995,0.5757575757575758
906,95.0,236.66666666666615,0.5757575757575758
907,95.0,235.0833333333328,0.5757575757575758
908,95.0,233.49999999999946,0.5757575757575758
909,95.0,231.91666666666612,0.5757575757575758
910,95.0,230.33333333333277,0.5757575757575758
911,95.0,228.74999999999943,0.5757575757575758
912,95.0,227.1666666666661,0.5757575757575758
913,95.0,225.58333333333275,0.5757575757575758
914,95.0,223.9999999999994,0.5757575757575758
915,95.0,222.41666666666606,0.5757575757575758
916,95.0,220.83333333333272,0.5757575757575758
917,95.0,219.24999999999937,0.5757575757575758
918,95.0,217.66666666666603,0.5757575757575758
919,95.0,216.0833333333327,0.5757575757575758
920,95.0,214.49999999999935,0.5757575757575758
921,95.0,212.916666666666,0.5757575757575758
922,95.0,211.33333333333266,0.5757575757575758
923,95.0,209.74999999999932,0.5757575757575758
924,95.0,208.16666666666598,0.5757575757575758
925,95.0,206.58333333333263,0.5757575757575758
926,95.0,204.9999999999993,0.5757575757575758
927,95.0,203.41666666666595,0.5757575757575758
928,95.0,201.8333333333326,0.5757575757575758
929,95.0,200.24999999999926,0.5757575757575758
930,95.0,198.66666666666592,0.5757575757575758
931,95.0,197.08333333333258,0.5757575757575758
932,95.0,195.49999999999923,0.5757575757575758
933,95.0,193.9166666666659,0.5757575757575758
934,95.0,192.33333333333255,0.5757575757575758
935,95.0,190.7499999999992,0.5757575757575758
936,95.0,189.16666666666586,0.5757575757575758
937,95.0,187.58333333333252,0.5757575757575758
938,95.0,185.99999999999918,0.5757575757575758
939,95.0,184.41666666666583,0.5757575757575758
940,50.0,183.5833333333325,0.30303030303030304
941,50.0,182.74999999999915,0.30303030303030304
942,50.0,181.9166666666658,0.30303030303030304
943,50.0,181.08333333333246,0.30303030303030304
944,50.0,180.24999999999912,0.30303030303030304
945,50.0,179.41666666666578,0.30303030303030304
946,50.0,178.58333333333243,0.30303030303030304
947,50.0,177.7499999999991,0.30303030303030304
948,50.0,176.91666666666575,0.30303030303030304
949,50.0,176.0833333333324,0.30303030303030304
950,50.0,175.24999999999906,0.30303030303030304
951,50.0,174.41666666666572,0.30303030303030304
952,50.0,173.58333333333238,0.30303030303030304
953,50.0,172.74999999999903,0.30303030303030304
954,50.0,171.9166666666657,0.30303030303030304
955,50.0,171.08333333333235,0.30303030303030304
956,50.0,170.249999999999,0.30303030303030304
957,50.0,169.41666666666566,0.30303030303030304
958,50.0,168.58333333333232,0.30303030303030304
959,50.0,167.74999999999898,0.30303030303030304
960,50.0,166.91666666666563,0.30303030303030304
961,50.0,166.0833333333323,0.30303030303030304
962,50.0,165.24999999999895,0.30303030303030304
963,50.0,164.4166666666656,0.30303030303030304
964,50.0,163.58333333333226,0.30303030303030304
965,50.0,162.74999999999892,0.30303030303030304
966,50.0,161.91666666666558,0.30303030303030304
967,50.0,161.08333333333223,0.30303030303030304
968,50.0,160.2499999999989,0.30303030303030304
969,50.0,159.41666666666555,0.30303030303030304
970,50.0,158.5833333333322,0.30303030303030304
971,50.0,157.74999999999886,0.30303030303030304
972,50.0,156.91666666666552,0.30303030303030304
973,50.0,156.08333333333218,0.30303030303030304
974,50.0,155.24999999999883,0.30303030303030304
975,50.0,154.4166666666655,0.30303030303030304
976,50.0,153.58333333333215,0.30303030303030304
977,50.0,152.7499999999988,0.30303030303030304
978,50.0,151.91666666666546,0.30303030303030304
979,50.0,151.08333333333212,0.30303030303030304
980,50.0,150.24999999999878,0.30303030303030304
981,50.0,149.41666666666544,0.30303030303030304
982,50.0,148.5833333333321,0.30303030303030304
983,50.0,147.74999999999875,0.30303030303030304
984,50.0,146.9166666666654,0.30303030303030304
985,50.0,146.08333333333206,0.30303030303030304
986,50.0,145.24999999999872,0.30303030303030304
987,50.0,144.41666666666538,0.30303030303030304
988,50.0,143.58333333333204,0.30303030303030304
989,50.0,142.7499999999987,0.30303030303030304
990,50.0,141.91666666666535,0.30303030303030304
991,50.0,141.083333333332,0.30303030303030304
992,50.0,140.24999999999866,0.30303030303030304
993,50.0,139.41666666666532,0.30303030303030304
994,50.0,138.58333333333198,0.30303030303030304
995,50.0,137.74999999999864,0.30303030303030304
996,50.0,136.9166666666653,0.30303030303030304
997,50.0,136.08333333333195,0.30303030303030304
998,50.0,135.2499999999986,0.30303030303030304
999,50.0,134.41666666666526,0.30303030303030304
1000,0.0,134.41666666666526,0.0
1001,0.0,134.41666666666526,0.0
1002,0.0,134.41666666666526,0.0
1003,0.0,134.41666666666526,0.0
1004,0.0,134.41666666666526,0.0
1005,0.0,134.41666666666526,0.0
1006,0.0,134.41666666666526,0.0
1007,0.0,134.41666666666526,0.0
1008,0.0,134.41666666666526,0.0
1009,0.0,134.41666666666526,0.0
1010,0.0,134.41666666666526,0.0
1011,0.0,134.41666666666526,0.0
1012,0.0,134.41666666666526,0.0
1013,0.0,134.41666666666526,0.0
1014,0.0,134.41666666666526,0.0
1015,0.0,134.41666666666526,0.0
1016,0.0,134.41666666666526,0.0
1017,0.0,134.41666666666526,0.0
1018,0.0,134.41666666666526,0.0
1019,0.0,134.41666666666526,0.0
1020,0.0,134.41666666666526,0.0
1021,0.0,134.41666666666526,0.0
1022,0.0,134.41666666666526,0.0
1023,0.0,134.41666666666526,0.0
1024,0.0,134.41666666666526,0.0
1025,0.0,134.41666666666526,0.0
1026,0.0,134.41666666666526,0.0
1027,0.0,134.41666666666526,0.0
1028,0.0,134.41666666666526,0.0
1029,0.0,134.41666666666526,0.0
1030,0.0,134.41666666666526,0.0
1031,0.0,134.41666666666526,0.0
1032,0.0,134.41666666666526,0.0
1033,0.0,134.41666666666526,0.0
1034,0.0,134.41666666666526,0.0
1035,0.0,134.41666666666526,0.0
1036,0.0,134.41666666666526,0.0
1037,0.0,134.41666666666526,0.0
1038,0.0,134.41666666666526,0.0
1039,0.0,134.41666666666526,0.0
1040,0.0,134.41666666666526,0.0
1041,0.0,134.41666666666526,0.0
1042,0.0,134.41666666666526,0.0
1043,0.0,134.41666666666526,0.0
1044,0.0,134.41666666666526,0.0
1045,0.0,134.41666666666526,0.0
1046,0.0,134.41666666666526,0.0
1047,0.0,134.41666666666526,0.0
1048,0.0,134.41666666666526,0.0
1049,0.0,134.41666666666526,0.0
1050,0.0,134.41666666666526,0.0
1051,0.0,134.41666666666526,0.0
1052,0.0,134.41666666666526,0.0
1053,0.0,134.41666666666526,0.0
1054,0.0,134.41666666666526,0.0
1055,0.0,134.41666666666526,0.0
1056,0.0,134.41666666666526,0.0
1057,0.0,134.41666666666526,0.0
1058,0.0,134.41666666666526,0.0
1059,0.0,134.41666666666526,0.0
1060,0.0,134.41666666666526,0.0
1061,0.0,134.41666666666526,0.0
1062,0.0,134.41666666666526,0.0
1063,0.0,134.41666666666526,0.0
1064,0.0,134.41666666666526,0.0
1065,0.0,134.41666666666526,0.0
1066,0.0,134.41666666666526,0.0
1067,0.0,134.41666666666526,0.0
1068,0.0,134.41666666666526,0.0
1069,0.0,134.41666666666526,0.0
1070,0.0,134.41666666666526,0.0
1071,0.0,134.41666666666526,0.0
1072,0.0,134.41666666666526,0.0
1073,0.0,134.41666666666526,0.0
1074,0.0,134.41666666666526,0.0
1075,0.0,134.41666666666526,0.0
1076,0.0,134.41666666666526,0.0
1077,0.0,134.41666666666526,0.0
1078,0.0,134.41666666666526,0.0
1079,0.0,134.41666666666526,0.0
1080,0.0,134.41666666666526,0.0
1081,0.0,134.41666666666526,0.0
1082,0.0,134.41666666666526,0.0
1083,0.0,134.41666666666526,0.0
1084,0.0,134.41666666666526,0.0
1085,0.0,134.41666666666526,0.0
1086,0.0,134.41666666666526,0.0
1087,0.0,134.41666666666526,0.0
1088,0.0,134.41666666666526,0.0
1089,0.0,134.41666666666526,0.0
1090,0.0,134.41666666666526,0.0
1091,0.0,134.41666666666526,0.0
1092,0.0,134.41666666666526,0.0
1093,0.0,134.41666666666526,0.0
1094,0.0,134.41666666666526,0.0
1095,0.0,134.41666666666526,0.0
1096,0.0,134.41666666666526,0.0
1097,0.0,134.41666666666526,0.0
1098,0.0,134.41666666666526,0.0
1099,0.0,134.41666666666526,0.0
1100,0.0,134.41666666666526,0.0
1101,0.0,134.41666666666526,0.0
1102,0.0,134.41666666666526,0.0
1103,0.0,134.41666666666526,0.0
1104,0.0,134.41666666666526,0.0
1105,0.0,134.41666666666526,0.0
1106,0.0,134.41666666666526,0.0
1107,0.0,134.41666666666526,0.0
1108,0.0,134.41666666666526,0.0
1109,0.0,134.41666666666526,0.0
1110,0.0,134.41666666666526,0.0
1111,0.0,134.41666666666526,0.0
1112,0.0,134.41666666666526,0.0
1113,0.0,134.41666666666526,0.0
1114,0.0,134.41666666666526,0.0
1115,0.0,134.41666666666526,0.0
1116,0.0,134.41666666666526,0.0
1117,0.0,134.41666666666526,0.0
1118,0.0,134.41666666666526,0.0
1119,0.0,134.41666666666526,0.0
1120,0.0,134.41666666666526,0.0
1121,0.0,134.41666666666526,0.0
1122,0.0,134.41666666666526,0.0
1123,0.0,134.41666666666526,0.0
1124,0.0,134.41666666666526,0.0
1125,0.0,134.41666666666526,0.0
1126,0.0,134.41666666666526,0.0
1127,0.0,134.41666666666526,0.0
1128,0.0,134.41666666666526,0.0
1129,0.0,134.41666666666526,0.0
1130,0.0,134.41666666666526,0.0
1131,0.0,134.41666666666526,0.0
1132,0.0,134.41666666666526,0.0
1133,0.0,134.41666666666526,0.0
1134,0.0,134.41666666666526,0.0
1135,0.0,134.41666666666526,0.0
1136,0.0,134.41666666666526,0.0
1137,0.0,134.41666666666526,0.0
1138,0.0,134.41666666666526,0.0
1139,0.0,134.41666666666526,0.0
1140,30.0,133.91666666666526,0.18181818181818182
1141,30.0,133.41666666666526,0.18181818181818182
1142,30.0,132.91666666666526,0.18181818181818182
1143,30.0,132.41666666666526,0.18181818181818182
1144,30.0,131.91666666666526,0.18181818181818182
1145,30.0,131.41666666666526,0.18181818181818182
1146,30.0,130.91666666666526,0.18181818181818182
1147,30.0,130.41666666666526,0.18181818181818182
1148,30.0,129.91666666666526,0.18181818181818182
1149,30.0,129.41666666666526,0.18181818181818182
1150,30.0,128.91666666666526,0.18181818181818182
1151,30.0,128.41666666666526,0.18181818181818182
1152,30.0,127.91666666666526,0.18181818181818182
1153,30.0,127.41666666666526,0.18181818181818182
1154,30.0,126.91666666666526,0.18181818181818182
1155,30.0,126.41666666666526,0.18181818181818182
1156,30.0,125.91666666666526,0.18181818181818182
1157,30.0,125.41666666666526,0.18181818181818182
1158,30.0,124.91666666666526,0.18181818181818182
1159,30.0,124.41666666666526,0.18181818181818182
1160,30.0,123.91666666666526,0.18181818181818182
1161,30.0,123.41666666666526,0.18181818181818182
1162,30.0,122.91666666666526,0.18181818181818182
1163,30.0,122.41666666666526,0.18181818181818182
1164,30.0,121.91666666666526,0.18181818181818182
1165,30.0,121.41666666666526,0.18181818181818182
1166,30.0,120.91666666666526,0.18181818181818182
1167,30.0,120.41666666666526,0.18181818181818182
1168,30.0,119.91666666666526,0.18181818181818182
1169,30.0,119.41666666666526,0.18181818181818182
1170,30.0,118.91666666666526,0.18181818181818182
1171,30.0,118.41666666666526,0.18181818181818182
1172,30.0,117.91666666666526,0.18181818181818182
1173,30.0,117.41666666666526,0.18181818181818182
1174,30.0,116.91666666666526,0.18181818181818182
1175,30.0,116.41666666666526,0.18181818181818182
1176,30.0,115.91666666666526,0.18181818181818182
1177,30.0,115.41666666666526,0.18181818181818182
1178,30.0,114.91666666666526,0.18181818181818182
1179,30.0,114.41666666666526,0.18181818181818182
1180,30.0,113.91666666666526,0.18181818181818182
1181,30.0,113.41666666666526,0.18181818181818182
1182,30.0,112.91666666666526,0.18181818181818182
1183,30.0,112.41666666666526,0.18181818181818182
1184,30.0,111.91666666666526,0.18181818181818182
1185,30.0,111.41666666666526,0.18181818181818182
1186,30.0,110.91666666666526,0.18181818181818182
1187,30.0,110.41666666666526,0.18181818181818182
1188,30.0,109.91666666666526,0.18181818181818182
1189,30.0,109.41666666666526,0.18181818181818182
1190,30.0,108.91666666666526,0.18181818181818182
1191,30.0,108.41666666666526,0.18181818181818182
1192,30.0,107.91666666666526,0.18181818181818182
1193,30.0,107.41666666666526,0.18181818181818182
1194,30.0,106.91666666666526,0.18181818181818182
1195,30.0,106.41666666666526,0.18181818181818182
1196,30.0,105.91666666666526,0.18181818181818182
1197,30.0,105.41666666666526,0.18181818181818182
1198,30.0,104.91666666666526,0.18181818181818182
1199,30.0,104.41666666666526,0.18181818181818182
1200,30.0,103.91666666666526,0.18181818181818182
1201,30.0,103.41666666666526,0.18181818181818182
1202,30.0,102.91666666666526,0.18181818181818182
1203,30.0,102.41666666666526,0.18181818181818182
1204,30.0,101.91666666666526,0.18181818181818182
1205,30.0,101.41666666666526,0.18181818181818182
1206,30.0,100.91666666666526,0.18181818181818182
1207,30.0,100.41666666666526,0.18181818181818182
1208,30.0,99.91666666666526,0.18181818181818182
1209,30.0,99.41666666666526,0.18181818181818182
1210,30.0,98.91666666666526,0.18181818181818182
1211,30.0,98.41666666666526,0.18181818181818182
1212,30.0,97.91666666666526,0.18181818181818182
1213,30.0,97.41666666666526,0.18181818181818182
1214,30.0,96.91666666666526,0.18181818181818182
1215,30.0,96.41666666666526,0.18181818181818182
1216,30.0,95.91666666666526,0.18181818181818182
1217,30.0,95.41666666666526,0.18181818181818182
1218,30.0,94.91666666666526,0.18181818181818182
1219,30.0,94.41666666666526,0.18181818181818182
1220,30.0,93.91666666666526,0.18181818181818182
1221,30.0,93.41666666666526,0.18181818181818182
1222,30.0,92.91666666666526,0.18181818181818182
1223,30.0,92.41666666666526,0.18181818181818182
1224,30.0,91.91666666666526,0.18181818181818182
1225,30.0,91.41666666666526,0.18181818181818182
1226,30.0,90.91666666666526,0.18181818181818182
1227,30.0,90.41666666666526,0.18181818181818182
1228,30.0,89.91666666666526,0.18181818181818182
1229,30.0,89.41666666666526,0.18181818181818182
1230,30.0,88.91666666666526,0.18181818181818182
1231,30.0,88.41666666666526,0.18181818181818182
1232,30.0,87.91666666666526,0.18181818181818182
1233,30.0,87.41666666666526,0.18181818181818182
1234,30.0,86.91666666666526,0.18181818181818182
1235,30.0,86.41666666666526,0.18181818181818182
1236,30.0,85.91666666666526,0.18181818181818182
1237,30.0,85.41666666666526,0.18181818181818182
1238,30.0,84.91666666666526,0.18181818181818182
1239,30.0,84.41666666666526,0.18181818181818182
1240,30.0,83.91666666666526,0.18181818181818182
1241,30.0,83.41666666666526,0.18181818181818182
1242,30.0,82.91666666666526,0.18181818181818182
1243,30.0,82.41666666666526,0.18181818181818182
1244,30.0,81.91666666666526,0.18181818181818182
1245,30.0,81.41666666666526,0.18181818181818182
1246,30.0,80.91666666666526,0.18181818181818182
1247,30.0,80.41666666666526,0.18181818181818182
1248,30.0,79.91666666666526,0.18181818181818182
1249,30.0,79.41666666666526,0.18181818181818182
1250,30.0,78.91666666666526,0.18181818181818182
1251,30.0,78.41666666666526,0.18181818181818182
1252,30.0,77.91666666666526,0.18181818181818182
1253,30.0,77.41666666666526,0.18181818181818182
1254,30.0,76.91666666666526,0.18181818181818182
1255,30.0,76.41666666666526,0.18181818181818182
1256,30.0,75.91666666666526,0.18181818181818182
1257,30.0,75.41666666666526,0.18181818181818182
1258,30.0,74.91666666666526,0.18181818181818182
1259,30.0,74.41666666666526,0.18181818181818182
1260,30.0,73.91666666666526,0.18181818181818182
1261,30.0,73.41666666666526,0.18181818181818182
1262,30.0,72.91666666666526,0.18181818181818182
1263,30.0,72.41666666666526,0.18181818181818182
1264,30.0,71.91666666666526,0.18181818181818182
1265,30.0,71.41666666666526,0.18181818181818182
1266,30.0,70.91666666666526,0.18181818181818182
1267,30.0,70.41666666666526,0.18181818181818182
1268,30.0,69.91666666666526,0.18181818181818182
1269,30.0,69.41666666666526,0.18181818181818182
1270,30.0,68.91666666666526,0.18181818181818182
1271,30.0,68.41666666666526,0.18181818181818182
1272,30.0,67.91666666666526,0.18181818181818182
1273,30.0,67.41666666666526,0.18181818181818182
1274,30.0,66.91666666666526,0.18181818181818182
1275,30.0,66.41666666666526,0.18181818181818182
1276,30.0,65.91666666666526,0.18181818181818182
1277,30.0,65.41666666666526,0.18181818181818182
1278,30.0,64.91666666666526,0.18181818181818182
1279,30.0,64.41666666666526,0.18181818181818182
1280,30.0,63.916666666665265,0.18181818181818182
1281,30.0,63.416666666665265,0.18181818181818182
1282,30.0,62.916666666665265,0.18181818181818182
1283,30.0,62.416666666665265,0.18181818181818182
1284,30.0,61.916666666665265,0.18181818181818182
1285,30.0,61.416666666665265,0.18181818181818182
1286,30.0,60.916666666665265,0.18181818181818182
1287,30.0,60.416666666665265,0.18181818181818182
1288,30.0,59.916666666665265,0.18181818181818182
1289,30.0,59.416666666665265,0.18181818181818182
1290,30.0,58.916666666665265,0.18181818181818182
1291,30.0,58.416666666665265,0.18181818181818182
1292,30.0,57.916666666665265,0.18181818181818182
1293,30.0,57.416666666665265,0.18181818181818182
1294,30.0,56.916666666665265,0.18181818181818182
1295,30.0,56.416666666665265,0.18181818181818182
1296,30.0,55.916666666665265,0.18181818181818182
1297,30.0,55.416666666665265,0.18181818181818182
1298,30.0,54.916666666665265,0.18181818181818182
1299,30.0,54.416666666665265,0.18181818181818182
1300,30.0,53.916666666665265,0.18181818181818182
1301,30.0,53.416666666665265,0.18181818181818182
1302,30.0,52.916666666665265,0.18181818181818182
1303,30.0,52.416666666665265,0.18181818181818182
1304,30.0,51.916666666665265,0.18181818181818182
1305,30.0,51.416666666665265,0.18181818181818182
1306,30.0,50.916666666665265,0.18181818181818182
1307,30.0,50.416666666665265,0.18181818181818182
1308,30.0,49.916666666665265,0.18181818181818182
1309,30.0,49.416666666665265,0.18181818181818182
1310,30.0,48.916666666665265,0.18181818181818182
1311,30.0,48.416666666665265,0.18181818181818182
1312,30.0,47.916666666665265,0.18181818181818182
1313,30.0,47.416666666665265,0.18181818181818182
1314,30.0,46.916666666665265,0.18181818181818182
1315,30.0,46.416666666665265,0.18181818181818182
1316,30.0,45.916666666665265,0.18181818181818182
1317,30.0,45.416666666665265,0.18181818181818182
1318,30.0,44.916666666665265,0.18181818181818182
1319,30.0,44.416666666665265,0.18181818181818182
1320,30.0,43.916666666665265,0.18181818181818182
1321,30.0,43.416666666665265,0.18181818181818182
1322,30.0,42.916666666665265,0.18181818181818182
1323,30.0,42.416666666665265,0.18181818181818182
1324,30.0,41.916666666665265,0.18181818181818182
1325,30.0,41.416666666665265,0.18181818181818182
1326,30.0,40.916666666665265,0.18181818181818182
1327,30.0,40.416666666665265,0.18181818181818182
1328,30.0,39.916666666665265,0.18181818181818182
1329,30.0,39.416666666665265,0.18181818181818182
1330,30.0,38.916666666665265,0.18181818181818182
1331,30.0,38.416666666665265,0.18181818181818182
1332,30.0,37.916666666665265,0.18181818181818182
1333,30.0,37.416666666665265,0.18181818181818182
1334,30.0,36.916666666665265,0.18181818181818182
1335,30.0,36.416666666665265,0.18181818181818182
1336,30.0,35.916666666665265,0.18181818181818182
1337,30.0,35.416666666665265,0.18181818181818182
1338,30.0,34.916666666665265,0.18181818181818182
1339,30.0,34.416666666665265,0.18181818181818182
1340,30.0,33.916666666665265,0.18181818181818182
1341,30.0,33.416666666665265,0.18181818181818182
1342,30.0,32.916666666665265,0.18181818181818182
1343,30.0,32.416666666665265,0.18181818181818182
1344,30.0,31.916666666665265,0.18181818181818182
1345,30.0,31.416666666665265,0.18181818181818182
1346,30.0,30.916666666665265,0.18181818181818182
1347,30.0,30.416666666665265,0.18181818181818182
1348,30.0,29.916666666665265,0.18181818181818182
1349,30.0,29.416666666665265,0.18181818181818182
1350,30.0,28.916666666665265,0.18181818181818182
1351,30.0,28.416666666665265,0.18181818181818182
1352,30.0,27.916666666665265,0.18181818181818182
1353,30.0,27.416666666665265,0.18181818181818182
1354,30.0,26.916666666665265,0.18181818181818182
1355,30.0,26.416666666665265,0.18181818181818182
1356,30.0,25.916666666665265,0.18181818181818182
1357,30.0,25.416666666665265,0.18181818181818182
1358,30.0,24.916666666665265,0.18181818181818182
1359,30.0,24.416666666665265,0.18181818181818182
1360,30.0,23.916666666665265,0.18181818181818182
1361,30.0,23.416666666665265,0.18181818181818182
1362,30.0,22.916666666665265,0.18181818181818182
1363,30.0,22.416666666665265,0.18181818181818182
1364,30.0,21.916666666665265,0.18181818181818182
1365,30.0,21.416666666665265,0.18181818181818182
1366,30.0,20.916666666665265,0.18181818181818182
1367,30.0,20.416666666665265,0.18181818181818182
1368,30.0,19.916666666665265,0.18181818181818182
1369,30.0,19.416666666665265,0.18181818181818182
1370,30.0,18.916666666665265,0.18181818181818182
1371,30.0,18.416666666665265,0.18181818181818182
1372,30.0,17.916666666665265,0.18181818181818182
1373,30.0,17.416666666665265,0.18181818181818182
1374,30.0,16.916666666665265,0.18181818181818182
1375,30.0,16.416666666665265,0.18181818181818182
1376,30.0,15.916666666665265,0.18181818181818182
1377,30.0,15.416666666665265,0.18181818181818182
1378,30.0,14.916666666665265,0.18181818181818182
1379,30.0,14.416666666665265,0.18181818181818182
1380,30.0,13.916666666665265,0.18181818181818182
1381,30.0,13.416666666665265,0.18181818181818182
1382,30.0,12.916666666665265,0.18181818181818182
1383,30.0,12.416666666665265,0.18181818181818182
1384,30.0,11.916666666665265,0.18181818181818182
1385,30.0,11.416666666665265,0.18181818181818182
1386,30.0,10.916666666665265,0.18181818181818182
1387,30.0,10.416666666665265,0.18181818181818182
1388,30.0,9.916666666665265,0.18181818181818182
1389,30.0,9.416666666665265,0.18181818181818182
1390,30.0,8.916666666665265,0.18181818181818182
1391,30.0,8.416666666665265,0.18181818181818182
1392,30.0,7.9166666666652645,0.18181818181818182
1393,30.0,7.4166666666652645,0.18181818181818182
1394,30.0,6.9166666666652645,0.18181818181818182
1395,30.0,6.4166666666652645,0.18181818181818182
1396,30.0,5.9166666666652645,0.18181818181818182
1397,30.0,5.4166666666652645,0.18181818181818182
1398,30.0,4.9166666666652645,0.18181818181818182
1399,30.0,4.4166666666652645,0.18181818181818182
1400,30.0,3.9166666666652645,0.18181818181818182
1401,30.0,3.4166666666652645,0.18181818181818182
1402,30.0,2.9166666666652645,0.18181818181818182
1403,30.0,2.4166666666652645,0.18181818181818182
1404,30.0,1.9166666666652645,0.18181818181818182
1405,30.0,1.4166666666652645,0.18181818181818182
1406,30.0,0.9166666666652645,0.18181818181818182
1407,30.0,0.41666666666526453,0.18181818181818182
1408,0.0,0.41666666666526453,0.0
1409,0.0,0.41666666666526453,0.0
1410,0.0,0.41666666666526453,0.0
1411,0.0,0.41666666666526453,0.0
1412,0.0,0.41666666666526453,0.0
1413,0.0,0.41666666666526453,0.0
1414,0.0,0.41666666666526453,0.0
1415,0.0,0.41666666666526453,0.0
1416,0.0,0.41666666666526453,0.0
1417,0.0,0.41666666666526453,0.0
1418,0.0,0.41666666666526453,0.0
1419,0.0,0.41666666666526453,0.0
1420,0.0,0.41666666666526453,0.0
1421,0.0,0.41666666666526453,0.0
1422,0.0,0.41666666666526453,0.0
1423,0.0,0.41666666666526453,0.0
1424,0.0,0.41666666666526453,0.0
1425,0.0,0.41666666666526453,0.0
1426,0.0,0.41666666666526453,0.0
1427,0.0,0.41666666666526453,0.0
1428,0.0,0.41666666666526453,0.0
1429,0.0,0.41666666666526453,0.0
1430,0.0,0.41666666666526453,0.0
1431,0.0,0.41666666666526453,0.0
1432,0.0,0.41666666666526453,0.0
1433,0.0,0.41666666666526453,0.0
1434,0.0,0.41666666666526453,0.0
1435,0.0,0.41666666666526453,0.0
1436,0.0,0.41666666666526453,0.0
1437,0.0,0.41666666666526453,0.0
1438,0.0,0.41666666666526453,0.0
1439,0.0,0.41666666666526453,0.0
1440,0.0,0.41666666666526453,0.0
